Id,Note,Series,Tag,Name,Name_zh-Hant,Name_en,Name_ja,Tips,Tips_zh-Hant,Tips_en,Tips_ja,Description,Description_zh-Hant,Description_en,Description_ja
唯一的标识（不能重复）,备注,系列,标签,名称,,Name,,剧情描述,,Tips,,描述,,描述,
1,,生物,,风之灵,風之靈,Wind Spirit,風の精霊,风的精灵，流转于空气中的力学信号，自然法师们偏爱的信鸽。,風的精靈，流轉於空氣中的力學訊號，自然法師們偏愛的信鴿。,"Wind spirits, mechanical signals flowing through the air, favored messengers of nature mages.",風の精霊、空気中を流れる力学信号、自然魔術師たちが好む伝書鳩。,每次行动时获得3点护盾,每次行动时获得3点护盾,Gain 3 Shield each time you act.,行動するたびにシールドを3獲得する
2,,契约,,法师资格证书,法師資格證書,Mage Certification,魔術師資格証,法师协会的资格认证，持此证明可在王国内合法从事法师职业的相关活动。,法師協會的資格認證，持此證明可在王國內合法從事法師職業的相關活動。,"Qualification certification from the Mage Association, allowing legal practice of magical professions within the kingdom.",魔術師協会の資格認定証。これを所持することで、王国内で合法的に魔術師関連の活動に従事できる。,每张牌使用后有20%的概率获得1点魔能,每张牌使用后有20%的概率获得1点魔能,20% chance to gain 1 Mana after each card played.,カードを使用するたび、20%の確率でマナを1獲得する
3,,物品,,影劫草,影劫草,Shadow Plunder Grass,影劫草,"一种会突然暴起击穿猎物头部的硬质植物，被猎人们称为""大自然的捕兽夹""。","一種會突然暴起擊穿獵物頭部的硬質植物，被獵人們稱為""大自然的捕獸夾""。","A hard plant that suddenly strikes to pierce prey's heads, called ""nature's bear trap"" by hunters.",突如として獲物の頭部を貫く硬質の植物。狩人たちからは「自然の獣罠」と呼ばれている。,你每次往抽牌堆洗牌时对随机敌人造成20点真实伤害,你每次往抽牌堆洗牌时对随机敌人造成20点真实伤害,Deal 20 True Damage to a random enemy each time you shuffle a card into your draw pile.,山札にカードをシャッフルするたび、ランダムな敵1体に20の貫通ダメージを与える
4,,物品,,白盐,白鹽,White Salt,白塩,在中世纪时曾被人用于驱邪的圣物，基于模因上的克制，对深渊造物似乎也有作用。,在中世紀時曾被人用於驅邪的聖物，基於迷因上的克制，對深淵造物似乎也有作用。,"A sacred relic once used for exorcism in medieval times, seemingly effective against abyssal creatures due to memetic restraint.",中世に魔除けとして用いられた聖遺物。ミーム的な抑制に基づき、深淵の創造物にも効果があるようだ。,战斗开始时随机赋予敌人4层易伤,战斗开始时随机赋予敌人4层{buff_vulnerability}。,"At combat start, apply 4 Stacks of {buff_vulnerability} to a random enemy.",戦闘開始時、ランダムな敵に{buff_vulnerability}を4スタック付与する。
5,,契约,,死契 帕雷凡,死契 帕雷凡,Death Pact Parevan,死の契約 パレヴァン,帕雷凡公司发行的死亡债券，给予那些挣扎在死亡边缘的人们以救赎，或绝望。,帕雷凡公司發行的死亡債券，給予那些掙扎在死亡邊緣的人們以救贖，或絕望。,"Death bonds issued by Parevan Company, offering redemption or despair to those struggling on death's edge.",パレヴァン社が発行する死亡債券。死の淵で苦しむ者たちに救済、あるいは絶望を与える。,"每场战斗开始时恢复15点生命,每场战斗第5回合死亡","每场战斗开始时恢复15点生命,每场战斗第5回合死亡","At combat start, restore 15 Health. Die on turn 5.",各戦闘開始時にHPを15回復するが、各戦闘の5ターン目に死亡する
6,,物品,,红石,紅石,Red Stone,レッドストーン,浓缩于矿石中的烈焰元素，通过外力挤压释放，常常被用于各种魔法道具的制作。,濃縮於礦石中的烈焰元素，透過外力擠壓釋放，常被用於各種魔法道具的製作。,"Flame elements concentrated in ore, released through external pressure, commonly used in magical item crafting.",鉱石に凝縮された炎の元素。外力によって解放され、様々な魔法道具の製作に用いられる。,你每次出牌时对随机敌人附加一层灼烧效果,你每次出牌时对随机敌人附加1层{buff_burn}。,"Each time you play a card, apply 1 Stack of {buff_burn} to a random enemy.",カードを使用するたび、ランダムな敵1体に{buff_burn}を1スタック付与する。
7,,生物,,普拉提原体,普拉提原體,Platy Original Body,プラティ原体,源自构成深渊生态基础循环的普拉提一族，是其母体的核心碎片。,源自於構成深淵生態基礎循環的普拉提一族，是其母體的核心碎片。,"Originating from the Platy clan that forms the basic cycle of abyssal ecology, this is a core fragment of their matrix.",深淵の生態系の基礎循環を構成するプラティ一族に由来し、その母体の核となる欠片。,"每场战斗开始时,给与所有敌人4层失格","每场战斗开始时,给与所有敌人4层失格","At combat start, all enemies gain 4 Stacks of {buff_degrade}.",各戦闘開始時、全ての敵に{buff_degrade}を4スタック付与する。
8,,概念,,怨恨,怨恨,Resentment,怨恨,这些近乎凝结成实体的怨恨，是支撑深渊存在的中流砥柱。,這些幾乎凝結成實體的怨恨，是支撐深淵存在的中流砥柱。,"These resentments, nearly condensed into physical form, are the backbone supporting the abyss's existence.",ほとんど実体と化したこれらの怨念は、深淵の存在を支える中核である。,所有敌人每次行动时，对其造成你已损失生命值20%的真实伤害。,所有敌人每次行动时，对其造成你已损失生命值20%的真实伤害。,"Whenever an enemy acts, deal True Damage equal to 20% of your lost Health to them.",全ての敵が行動する時、あなたの失ったHPの20%分の貫通ダメージを与える
9,,物品,,血髓鸣泣,血髓鳴泣,Blood Marrow Cry,血髄の鳴泣,一种人工合成的赤紫色结晶体，常常被雕琢为各种首饰佩戴在有机生命的身上，可以激发宿主的活力——供血充足的前提下。,一種人工合成的赤紫色結晶體，常被雕琢為各種首飾佩戴在有機生命的身上，可以激發宿主的活力－供血充足的前提下。,"An artificially synthesized crimson-purple crystal, often carved into jewelry worn by organic life, capable of stimulating host vitality—provided blood supply is sufficient.",人工的に合成された赤紫色の結晶体。しばしば様々な装飾品に加工され、有機生命体の身に着けられる。宿主の活力を引き出すことができる――十分な血液供給があればの話だが。,"魔能上限+1,战斗开始时获得1层狂暴",魔能上限+1，战斗开始时获得2层{buff_bleeding}。,"Max Mana +1. At combat start, gain 2 Stacks of {buff_bleeding}.",最大マナ+1。戦闘開始時に{buff_bleeding}を2スタック獲得する。
10,,物品,,碎裂源晶,碎裂源晶,Shattered Source Crystal,砕けた源晶,破碎的魔女墓碑，只能从中汲取不稳定的元素，亦如行于深渊中的旅者，随时会如昼夜交替间的昙花般凋谢。,破碎的魔女墓碑，只能從中汲取不穩定的元素，亦如行於深淵中的旅者，隨時會如晝夜交替間的曇花般凋謝。,"A broken witch's tombstone from which only unstable elements can be drawn, like travelers in the abyss who may wither like ephemeral flowers between day and night.",砕けた魔女の墓石。不安定な元素しか引き出せず、深淵を旅する者のように、いつ昼夜の移ろいの中で咲く月下美人のように萎れてしまうかもしれない。,"每场战斗开始时,你获得2层元素",每场战斗开始时，你获得2层{buff_elements}。,"At combat start, gain 2 Stacks of {buff_elements}.",各戦闘開始時、{buff_elements}を2スタック獲得する。
11,,物品,,鬼骨面具,鬼骨面具,Ghost Bone Mask,鬼骨の仮面,血鬼用于制造血裔的面具，戴上它便能从血鬼一族的血脉中汲取力量，但也将连同诅咒一并继承。,血鬼用來製造血裔的面具，戴上它便能從血鬼一族的血脈中汲取力量，但也將連同詛咒一併繼承。,"A mask used by blood demons to create blood spawn. Wearing it allows drawing power from blood demon bloodlines, but also inherits their curses.",血鬼が血族を生み出すために用いる仮面。これを着ければ血鬼一族の血脈から力を引き出せるが、呪いも共に受け継ぐことになる。,战斗开始时获得锋锐*2，鬼化,战斗开始时获得2层{buff_keenedge}与{buff_oniblood}。,"At combat start, gain 2 Stacks of {buff_keenedge} and 1 Stack of {buff_oniblood}.",戦闘開始時、{buff_keenedge}を2スタックと{buff_oniblood}を1スタック獲得する。
*12,,物品,,毒苹果,毒蘋果,Poison Apple,毒リンゴ,本应只存在于童话故事中的物品，却被具现为一种雇佣兵们尤为喜爱的特殊的成瘾药物。,本應只存在於童話故事中的物品，卻被具現為一種僱傭兵們尤為喜愛的特殊的成癮藥物。,"An item that should only exist in fairy tales, yet manifested as a special addictive drug particularly favored by mercenaries.",おとぎ話にしか存在しないはずの品が、傭兵たちに特に好まれる特殊な依存性薬物として具現化したもの。,"战斗开始时获得鬼化,敏锐*3,受到当前生命值1/6的真实伤害","战斗开始时获得鬼化,敏锐*3,受到当前生命值1/6的真实伤害","At combat start, gain 1 Stack of {buff_oniblood} and 3 Stacks of {buff_fast}. Take True Damage equal to 1/6 of current HP.",戦闘開始時、{buff_oniblood}と{buff_fast}を3スタック獲得し、現在HPの1/6の貫通ダメージを受ける。
13,,契约,,血鬼保险条例,血鬼保險條例,Blood Demon Insurance,血鬼保険条例,就和每一个生活在工业时代的人一样，血鬼们也需要给自己设计一套保险，只不过相较于人类的补救措施，它们更倾向于将危险消灭在萌芽之中。,就和每個生活在工業時代的人一樣，血鬼們也需要為自己設計一套保險，只不過相較於人類的補救措施，它們更傾向於將危險消滅在萌芽之中。,"Like everyone living in the industrial age, blood demons need insurance too, though unlike human remedial measures, they prefer eliminating dangers in the bud.",産業時代に生きる全ての人々と同様、血鬼たちも自分たちのための保険を設計する必要があった。ただし、人間の救済措置とは異なり、彼らは危険を芽のうちに摘むことを好む。,"回合开始时,如果你生命低于50,获得鬼化","回合开始时,如果你生命低于50,获得鬼化","At turn start, if HP is below 50, gain 1 Stack of {buff_oniblood}.",ターン開始時、HPが50未満なら{buff_oniblood}を1スタック獲得する。
14,,生物,,穿刺群落,穿刺群落,Piercing Colony,穿刺コロニー,这些锐利的小生物们与滋养他们的环境一般充满恶意，接触到生物体的皮肤后会迅速膨胀刺出顶部，将目标击穿后放血，基于这种特性他们有时也会被视作一种特殊的子弹材料投入军事用途。,這些銳利的小生物們與滋養他們的環境一般充滿惡意，接觸到生物體的皮膚後會迅速膨脹刺出頂部，將目標擊穿後放血，基於這種特性他們有時也會被視作一種特殊的子彈材料投入軍事用途。,"These sharp little creatures are as malicious as the environment that nurtures them, rapidly expanding and piercing through targets upon skin contact, sometimes used as special ammunition.",これらの鋭い小生物は、彼らを育む環境と同様に悪意に満ちている。生物の皮膚に触れると急速に膨張して先端を突き出し、標的を貫いて放血させる。この特性から、特殊な弾丸の材料として軍事利用されることもある。,每次行动对3个随机敌人额外造成1点物理伤害,每次行动对3个随机敌人额外造成1点物理伤害,Each action deals 1 additional Physical Damage to 3 random enemies.,行動するたび、ランダムな敵3体に1の追加物理ダメージを与える
15,,概念,,恶念,惡念,Evil Intent,悪念,深渊物质中最基础的成分，也是深渊生物异化的根源。,深淵物質中最基礎的成分，也是深淵生物異化的根源。,The most basic component of abyssal matter and the source of abyssal creature mutation.,深淵物質の最も基本的な成分であり、深淵生物の異形の根源でもある。,每场战斗生命值第一次下降到40%最大生命值或以下时（战斗开始时也判定一次），获得40金币和1层鬼化.,每场战斗生命值第一次下降到40%最大生命值或以下时（战斗开始时也判定一次），获得40金币和1层鬼化.,"When your Health first drops to 40% or less of Max HP (also checked at combat start), gain 40 Gold and 1 Stack of {buff_oniblood}.",各戦闘でHPが初めて最大HPの40%以下になった時（戦闘開始時も判定）、40ゴールドと{buff_oniblood}を1スタック獲得する。
16,,物品,,雷鸣之羽,雷鳴之羽,Thunder Feather,雷鳴の羽,一种强大的雷元素生物身上掉落的羽毛，如果能交由中枢也许能分析出其来源。,一種強大的雷元素生物身上掉落的羽毛，如果能交由中樞也許能分析出其來源。,"A feather dropped by a powerful thunder elemental creature. If given to the Central Hub, its origin might be analyzed.",強力な雷元素生物から落ちた羽。中枢に渡せば、その由来を分析できるかもしれない。,行动时有50%几率对随机敌人目标造成8点真实伤害,行动时有50%几率对随机敌人目标造成8点真实伤害,"When acting, 50% chance to deal 8 True Damage to a random enemy.",行動時、50%の確率でランダムな敵1体に8の貫通ダメージを与える
17,,物品,,魔力源晶,魔力源晶,Magic Source Crystal,魔力源晶,部分魔女死亡时灵魂凝结而成，因此也被称为魔女的墓碑。借由逝者的力量，生者得以复现元素的奇迹。,部分魔女死亡時靈魂凝結而成，因此也被稱為魔女的墓碑。藉由逝者的力量，生者得以復現元素的奇蹟。,"Formed from souls condensed when some witches die, also called witch tombstones. Through the power of the deceased, the living can recreate elemental miracles.",一部の魔女が死ぬ時に魂が凝縮してできるもので、魔女の墓石とも呼ばれる。死者の力によって、生者は元素の奇跡を再現することができる。,"回合开始时,你获得4层元素,并获得1点魔能",回合开始时，你获得4层{buff_elements}并获得1点魔能。,"At turn start, gain 4 Stacks of {buff_elements} and 1 Mana.",ターン開始時、{buff_elements}を4スタック獲得し、マナを1獲得する。
18,,物品,,剑盾,劍盾,Sword Shield,剣盾,一种只有在超自然力量作用下才能存在的特殊武器，将剑刃直接安装在盾牌之上，是攻守兼备，还是攻守皆失？,只有在超自然力量作用下才能存在的特殊武器，將劍刃直接安裝在盾牌之上，是攻守兼備，還是攻守皆失？,"A special weapon that can only exist under supernatural forces, with blades directly mounted on shields. Is it both offensive and defensive, or neither?",超自然的な力の下でしか存在できない特殊な武器。刃を直接盾に取り付けている。攻守兼備か、それとも攻守ともに失うか？,"出牌额外造成1点伤害,获得1点护盾","出牌额外造成1点伤害,获得1点护盾",Cards deal 1 additional Damage and grant 1 Shield.,カードを使用する時、1の追加ダメージを与え、1のシールドを獲得する
*19,,物品,,《深渊求生守则》,《深淵求生守則》,Abyss Survival Guide,『深淵生存マニュアル』,流通于黑市的小薄本，其上记录了一系列的生存守则，是每一个妄图探知深渊的冒险者的必备工具。,流通於黑市的小薄本，其上記錄了一系列的生存守則，是每個妄圖探知深淵的冒險者的必備工具。,"A small booklet circulating in black markets, recording survival rules essential for every adventurer attempting to explore the abyss.",闇市場で流通している小冊子。一連の生存規則が記録されており、深淵を探ろうとする全ての冒険者にとって必携の道具である。,"回合开始时获得1点护盾；你每携带此遗物走过1层,该护盾+1","回合开始时获得1点护盾；你每携带此遗物走过1层,该护盾+1","At turn start, gain 1 Shield. For each floor passed while carrying this relic, this Shield +1.",ターン開始時、シールドを1獲得する。この遺物を持ってフロアを1つ進むたび、このシールドは+1される
20,,物品,,施虐者权杖,施虐者權杖,Torturer's Scepter,加虐者の杖,一种特制的法杖，通过魔法回廊与奴隶脖颈上的项圈相链接，以达到人身控制的目的，在如今的奥尔德林已被明令禁止。,一種特製的法杖，透過魔法迴廊與奴隸脖頸上的項圈相鏈接，以達到人身控制的目的，在如今的奧爾德林已被明令禁止。,"A specialized staff that links through magical corridors to collars on slaves' necks for bodily control, now explicitly banned in modern Aldrin.",特製の杖。魔法の回廊を通じて奴隷の首輪と繋がり、身体を支配する目的で使われる。現在のオルドリンでは明確に禁止されている。,行动时为随机敌人叠加1层无力,行动时为随机敌人叠加1层{buff_weak}。,"When acting, apply 1 Stack of {buff_weak} to a random enemy.",行動時、ランダムな敵1体に{buff_weak}を1スタック付与する。
*21,,契约,,染血硬币,染血硬幣,Bloodstained Coin,血塗れの硬貨,血鬼们互相识别种族信息的凭证，同时也是构建血鬼社会经济循环的基础硬件。,血鬼們互相辨識種族資訊的憑證，同時也是建構血鬼社會經濟循環的基礎硬體。,"Credentials for blood demons to identify racial information, also the basic hardware for constructing blood demon social economic cycles.",血鬼たちが互いの種族情報を識別するための証であり、血鬼社会の経済循環を構築する基礎的なハードウェアでもある。,"损失生命时,获得8枚金币","损失生命时,获得8枚金币","When losing Health, gain 8 Gold.",HPを失った時、8ゴールドを獲得する
22,,物品,,断剑,斷劍,Broken Sword,折れた剣,骑士断裂的佩剑，其剑身也早已经时光洗礼后锈蚀，或许血与火能令其重新绽放光辉。,騎士斷裂的佩劍，其劍身也早已經時光洗禮後鏽蝕，或許血與火能令其重新綻放光輝。,"A knight's broken sword, its blade long rusted by time's baptism. Perhaps blood and fire can make it shine again.",騎士の折れた佩剣。その刃はとうに時の洗礼を受けて錆びついている。血と炎が再び輝きを取り戻させるかもしれない。,回合开始时，获得4层锋锐，每次行动减少1点锋锐（锋锐为0时改为获得1层无力）。,回合开始时，获得4层锋锐，每次行动减少1点锋锐（锋锐为0时改为获得1层无力）。,"At turn start, gain 4 Stacks of {buff_keenedge}. Lose 1 Stack per action (at 0, gain 1 Stack of {buff_weak}).",ターン開始時、{buff_keenedge}を4スタック獲得。行動ごとに−1（0で{buff_weak}を1スタック獲得）。
*23,,闭锁时环,,逆转时针,逆轉時針,Reverse Clock,逆転の時計針,诸神的遗物，克洛诺斯表盘上的指针之一，由于破损已失去了其巅峰时期的伟力，曾可逆转时空的宝物如今只能短暂的倒转局部的时间。,諸神的遺物，克洛諾斯錶盤上的指針之一，由於破損已失去了其巔峰時期的偉力，曾可逆轉時空的寶物如今只能短暫的倒轉局部的時間。,"A relic of the gods, one of Chronos's dial hands. Due to damage, it has lost its peak power; once capable of reversing spacetime, now only briefly reverses local time.",神々の遺物、クロノスの文字盤の針の一つ。破損により全盛期の偉大な力を失い、かつて時空を逆転できた宝物も、今や局所的な時間を短時間巻き戻すことしかできない。,"死亡时复活,恢复10点生命；每场战斗最多生效1次","死亡时复活,恢复10点生命；每场战斗最多生效1次",Revive with 10 Health when dying. Triggers once per battle.,死亡時にHP10で復活する。各戦闘で最大1回まで発動
*24,,闭锁时环,,破损表盘,破損錶盤,Broken Dial,壊れた文字盤,诸神的遗物，克洛诺斯碎裂的表盘，失去了指针的引导，如今只剩下纯粹的能量以供使用者提取。,諸神的遺物，克洛諾斯碎裂的錶盤，失去了指針的引導，如今只剩下純粹的能量以供使用者提取。,"A relic of the gods, Chronos's shattered dial. Having lost its hands' guidance, only pure energy remains for users to extract.",神々の遺物、クロノスの砕けた文字盤。針の導きを失い、今や使用者が抽出できる純粋なエネルギーしか残っていない。,出牌时获得1点魔能,出牌时获得1点魔能,"When playing a card, gain 1 Mana.",カードを使用する時、マナを1獲得する
25,,契约,,血嗣契约,血嗣契約,Blood Heir Contract,血嗣の契約,过去是与血鬼主人签订的血嗣契约，以生命力和自由为代价换取敏锐的思维，现如今已被优化为一种普适科技，即使不依赖血主也能独立存在。,過去是與血鬼主人簽訂的血嗣契約，以生命力和自由為代價換取敏銳的思維，現已優化為一種普適科技，即使不依賴血主也能獨立存在。,"Once a contract signed with blood demon masters, trading vitality and freedom for keen thinking. Now optimized as universal technology, existing independently without blood masters.",かつて血鬼の主人と結んだ血嗣の契約。生命力と自由を代償に鋭敏な思考を得るものだったが、今では普遍的な技術に改良され、血の主人に頼らずとも独立して存在できる。,"战斗开始时最大生命值+1,额外抽2张牌","战斗开始时最大生命值+1,额外抽2张牌","At combat start, Max HP +1 and draw 2 additional cards.",戦闘開始時、最大HP+1、追加でカードを2枚引く
26,,物品,,嬗变因子,嬗變因子,Transformation Factor,変成因子,中庭科技延展出的一种植入型因子，将伤害转化为行动能力，对魔女的生存和战斗能力均有大幅提升，唯一缺陷是其高昂的造价。,中庭科技延展出的一種植入型因子，將傷害轉化為行動能力，對魔女的生存和戰鬥能力均有大幅提升，唯一缺陷是其高昂的造價,"An implantable factor extended from Midgard technology, converting damage to action capability, greatly enhancing witch survival and combat ability. Only flaw is its high cost.",ミッドガルドの技術から派生した埋め込み型の因子。ダメージを行動力に変換し、魔女の生存能力と戦闘能力を大幅に向上させる。唯一の欠点はその高額な製造コストだ。,"战斗开始时,获得1层不朽",战斗开始时，获得1层{buff_immortal}。,"At combat start, gain 1 Stack of {buff_immortal}.",戦闘開始時、{buff_immortal}を1スタック獲得する。
*27,,概念,,虚影,虛影,Phantom,虚像,深渊中的异常现象凝结成的概念，表现为事件的重复发生，是一种可以利用的环境武器。万物皆投射出自我否定的镜像。,深淵中的異常現象凝結成的概念，表現為事件的重複發生，是一種可以被利用的環境武器。萬物皆投射出自我否定的鏡像,"A concept condensed from abnormal phenomena in the abyss, manifesting as repeated events, an environmental weapon that can be utilized. All things project self-negating mirrors.",深淵の異常現象が凝縮してできた概念。事象の繰り返しとして現れ、利用可能な環境兵器の一種である。万物は自己否定の鏡像を投影する。,"回合开始时,第一张牌额外打出一次","回合开始时,第一张牌额外打出一次","At turn start, the first card you play is played one additional time.",ターン開始時、最初に使用するカードは追加でもう1回発動する。
28,,契约,,死契 科尼姆斯,死契 科尼姆斯,Death Contract Konims,死の契約 コニムス,科尼姆斯公司发行的死亡债券，给予那些挣扎在死亡边缘的人们以救赎，或绝望。,科尼姆斯公司發行的死亡債券，給予那些掙扎在死亡邊緣的人們以救贖，或絕望。,"Death bonds issued by Konims Company, offering redemption or despair to those struggling on death's edge.",コニムス社が発行する死亡債券。死の淵で苦しむ者たちに救済、あるいは絶望を与える。,"回合开始时,额外获得2点魔能并抽2张牌；在第4回合开始时死亡","回合开始时,额外获得2点魔能并抽2张牌；在第4回合开始时死亡","At turn start, gain 2 Mana and draw 2 cards. Die at the start of turn 4.",ターン開始時、マナを2獲得し、カードを2枚引く。4ターン目の開始時に死亡する。
29,,物品,,点金手,點金手,Midas Touch,ミダスの手,曾是炼金术士们梦寐以求的神物，然而在这深渊之中，金币只是将人拖入死亡的绞索。,曾是煉金術士們夢寐以求的神物，然而在這深淵之中，金幣只是將人拖入死亡的絞索。,"Once a divine artifact coveted by alchemists, yet in this abyss, gold coins are merely nooses dragging people to death.",かつて錬金術師たちが渇望した神物。しかしこの深淵では、金貨は人を死へと引きずり込む絞首縄に過ぎない。,行动时额外获得3枚金币，单场战斗中第100次触发时，额外获得600金币并脱离战斗。,行动时额外获得3枚金币，单场战斗中第100次触发时，额外获得600金币并脱离战斗。,"Whenever you act, gain 3 Gold. On the 100th trigger in a single battle, gain an additional 600 Gold and escape combat.",行動するたびに3ゴールドを獲得する。1回の戦闘で100回目に発動した時、さらに600ゴールドを獲得し、戦闘から離脱する。
30,,生物,,第六元素,第六元素,Sixth Element,第六元素,游离于基础元素之外的第六元素，不知为何具有了自己的意志。,遊離於基礎元素之外的第六元素，不知為何具有了自己的意志。,"The sixth element existing beyond basic elements, somehow possessing its own will.",基礎元素の外に存在する第六の元素。なぜか独自の意志を持っている。,每打出1张牌获得1层元素,每打出1张牌获得1层元素,"Whenever you play a card, gain 1 Stack of {buff_elements}.",カードを1枚使用するたび、{buff_elements}を1スタック獲得する。
31,,物品,,血色回响,血色迴響,Blood Echo,血色の残響,一枚闪烁着血光的红宝石戒指，内置了精巧的机械结构，通过内壁蜿蜒尖锐的倒刺，从佩戴者的血液中汲取养分。,一枚閃爍著血光的紅寶石戒指，內建了精巧的機械結構，透過內壁蜿蜒尖銳的倒刺，從佩戴者的血液中汲取養分。,"A ruby ring flickering with blood light, containing intricate mechanical structures that draw nourishment from the wearer's blood through winding sharp barbs on the inner wall.",血の光を放つルビーの指輪。精巧な機械構造が内蔵されており、内壁の曲がりくねった鋭い逆棘を通じて、着用者の血液から養分を吸収する。,战斗开始时受到当前生命30%的真实伤害;你的每张卡牌有40%概率再打出1次,战斗开始时受到当前生命30%的真实伤害;你的每张卡牌有40%概率再打出1次,"At combat start, take True Damage equal to 30% of your current HP. Each card you play has a 40% chance to be played again.",戦闘開始時、現在HPの30%の貫通ダメージを受ける。あなたの各カードは40%の確率で追加でもう1回発動する。
32,,物品,,烛芯,燭芯,Candle Wick,蝋燭の芯,在无垠黑夜中的一丝微光，指引我们抵达灵魂的彼岸。,在無垠黑夜中的一絲微光，指引我們抵達靈魂的彼岸。,"A glimmer of light in the endless dark night, guiding us to reach the other shore of the soul.",果てしない闇夜の中の一筋の微かな光。我々を魂の彼岸へと導く。,"战斗开始时获得1层启示,1层坚毅。",战斗开始时获得1层启示,Gain 1 Stack of {buff_epiphany} and 1 Stack of {buff_impregnable} at combat start.,戦闘開始時、{buff_epiphany}を1スタックと{buff_impregnable}を1スタック獲得する。
33,,概念,,希冀,希冀,Hope,希望,"早已逝去者未尽的执念，在星空中铭刻下""希冀""之名。有人欣赏其无畏的抗争，有人叹息其命定的毁灭。","早已逝去者未盡的執念，在星空中銘刻下""希冀""之名。有人欣賞其無畏的抗爭，有人嘆息其命定的毀滅。","The unfinished obsession of those long departed, inscribing the name ""Hope"" in the starry sky. Some admire its fearless struggle, others sigh at its destined destruction.",とうに失われた者たちの未練が、星空に「希望」の名を刻んだ。その恐れを知らぬ抗争を賞賛する者もいれば、その定められた破滅を嘆く者もいる。,"战斗开始时,获得2点魔能并抽2张牌。","战斗开始时,获得2点魔能和2点生命值战斗开始时,获得2点魔能并抽2张牌。","At combat start, gain 2 Mana and draw 2 cards.",戦闘開始時、マナを2獲得し、カードを2枚引く。
34,,概念,,静谧,靜謐,Silence,静寂,凝结为实体的静谧，远离了文明的喧嚣，只有在步入衰亡的深渊中才得以一见。,凝結為實體的靜謐，遠離了文明的喧囂，只有在步入衰亡的深淵中才得以一見。,"Silence condensed into physical form, away from civilization's clamor, only visible when stepping into the decaying abyss.",実体と化した静寂。文明の喧騒から離れ、衰亡へと向かう深淵でのみ目にすることができる。,每次受伤时获得7点护盾。,每次受伤时获得6点护盾,Gain 6 Shield whenever you take damage.,ダメージを受けるたび、シールドを6獲得する。
35,,契约,,超频协议,超頻協議,Overclocking Protocol,オーバークロックプロトコル,中庭提供的超频协议，用于强化魔女的行动能力，代价仅是微不足道的一点副作用。,中庭提供的超頻協議，用於強化魔女的行動能力，代價只是微不足道的一點副作用。,"An overclocking protocol provided by Midgard to enhance witch action capabilities, with only trivial side effects as the cost.",ミッドガルドが提供するオーバークロックプロトコル。魔女の行動能力を強化するためのもので、代償は取るに足らない副作用だけだ。,"你在魔能不足且试图打出卡牌时可以超频获得1个魔能,每次超频获得魔能受到2的（X+1）次方点真实伤害（X为本回合累计赊欠的魔能）","你在魔能不足且试图打出卡牌时可以超频获得1个魔能,每次超频获得魔能受到2的（X+1）次方点真实伤害（X为本回合累计赊欠的魔能）","When you lack Mana and attempt to play a card, you may Overclock to gain 1 Mana. Each Overclock deals 2^(X+1) True Damage to you (X = total Mana borrowed this turn).",マナが不足している状態でカードを使用しようとする時、オーバークロックしてマナを1獲得できる。オーバークロックするたび、2の(X+1)乗の貫通ダメージを受ける（Xはこのターンに借り越したマナの合計）。
36,,闭锁时环,,静滞秒针,靜滯秒針,Stasis Second Hand,静止の秒針,诸神的遗物，克洛诺斯表盘上的指针之一，由于破损已失去了其巅峰时期的伟力，曾可停滞时空的宝物如今只能短暂的暂停局部的时间。,諸神的遺物，克洛諾斯錶盤上的指針之一，由於破損已失去了其巔峰時期的偉力，曾可停滯時空的寶物如今只能短暫的暫停局部的時間。,"A relic of the gods, one of Chronos's dial hands. Due to damage, it has lost its peak power; once capable of stopping spacetime, now only briefly pauses local time.",神々の遺物、クロノスの文字盤の針の一つ。破損により全盛期の偉大な力を失い、かつて時空を停滞できた宝物も、今や局所的な時間を短時間停止させることしかできない。,"战斗开始时,随机给予1个敌人一层时停。","战斗开始时,随机给予1个敌人一层时停","At combat start, apply 1 Stack of {buff_timestop} to a random enemy.",戦闘開始時、ランダムな敵1体に{buff_timestop}を1スタック付与する。
37,,物品,,战车造像,戰車造像,Chariot Statue,戦車の像,镌刻了符文的神秘造像，握在手中彷如身披坚甲，一往无前。,鐫刻了符文的神秘造像，握在手中如身披堅甲，一往無前。,"A mysterious statue engraved with runes, holding it feels like wearing armor, advancing fearlessly.",ルーンが刻まれた神秘的な像。手に握ると、まるで堅固な鎧を身にまとい、恐れを知らず前進するかのようだ。,战斗开始时获得5层{buff_evergreen}。,战斗开始时获得5层{buff_evergreen}。,Gain 5 Stacks of {buff_evergreen} at combat start.,戦闘開始時、{buff_evergreen}を5スタック獲得する。
*38,,契约,,补给凭证,補給憑證,Supply Voucher,補給証,中庭管理局签发的凭证，凭此证可在战斗结算时获得额外派发的资源补助。,中庭管理局簽發的憑證，憑此證可在戰鬥結算時獲得額外發放的資源補助。,"A certificate issued by the Midgard Administration, allowing additional resource subsidies at battle settlement.",ミッドガルド管理局が発行した証明書。これがあれば、戦闘終了時に追加の資源補助を受けられる。,战斗结算时的奖励+1。,战斗结算时的奖励+1,Battle rewards +1.,戦闘終了時の報酬+1
39,,闭锁时环,,铭刻分针,銘刻分針,Engraved Minute Hand,刻印の分針,诸神的遗物，克洛诺斯表盘上的指针之一，由于破损已失去了其巅峰时期的伟力，通过追溯时间的印痕复原生命的活力。,諸神的遺物，克洛諾斯錶盤上的指針之一，由於破損已失去了其巔峰時期的偉力，透過追溯時間的印痕復原生命的活力。,"A relic of the gods, one of Chronos's dial hands. Due to damage, it has lost its peak power, restoring life's vitality by tracing time's imprints.",神々の遺物、クロノスの文字盤の針の一つ。破損により全盛期の偉大な力を失い、時の痕跡を遡ることで生命の活力を回復させる。,"每场战斗开始时,将你的生命调整为最大生命值的40%.如果你因为此对象失去生命,获得失去生命值等量的金币.","每场战斗开始时,将你的生命调整为最大生命值的40%.如果你因为此对象失去生命,获得失去生命值等量的金币.","At combat start, set your HP to 40% of Max HP. If you lose HP due to this effect, gain Gold equal to the HP lost.",各戦闘開始時、HPを最大HPの40%に調整する。この効果でHPを失った場合、失ったHPと同量のゴールドを獲得する。
40,,物品,,机芯,機芯,Movement,ムーブメント,以魔力为饵料，驱动圣械活动的机芯。,以魔力為餌料，驅動聖械活動的機芯,A mechanism that uses magical power as fuel to drive sacred machine activities.,魔力を餌として、聖なる機械を駆動させる機構。,战斗开始时获得1层不屈。,战斗开始时获得1层不屈,Gain 1 Stack of {buff_unyielding} at combat start.,戦闘開始時、{buff_unyielding}を1スタック獲得する。
*41,,概念,,升格仪式,升格儀式,Ascension Ritual,昇格の儀式,传说能飞升入天界的升格仪式。,傳說能飛升入天界的升格儀式,A legendary ascension ritual capable of ascending to the heavenly realm.,天界へ昇ることができると伝えられる伝説の儀式。,回合开始时给与所有敌人5层流血。如果当前场上双方全体累计流血层数大于三十，直到战斗结束，你不会因流血受到伤害。,回合开始时给与所有敌人5层流血。如果当前场上双方全体累计流血层数大于三十，直到战斗结束，你不会因流血受到伤害。,"At turn start, apply 5 Stacks of {buff_bleeding} to all enemies. If total {buff_bleeding} Stacks on both sides exceed 30, you take no {buff_bleeding} damage until battle ends.",ターン開始時、全ての敵に{buff_bleeding}を5スタック付与。双方の{buff_bleeding}合計が30を超える場合、戦闘終了まで{buff_bleeding}ダメージを受けない。
42,,物品,,刀片,刀片,Blade,刃,平平无奇的锋利刀片。,平平無奇的鋒利刀片,An ordinary sharp blade.,平凡な鋭い刃。,每回合你造成的第一次伤害+6。,每回合你造成的第一次伤害+6,The first damage you deal each turn is increased by 6.,各ターンに与える最初のダメージ+6
43,,物品,,历战徽记：体魄,歷戰徽記：體魄,Battle Badge: Physique,歴戦の証：体躯,军队颁发的奖章，赐予那些战功卓著的士兵以荣誉，同时也赋予机体更强的体魄。,軍隊頒發的獎章，賜予那些戰功卓著的士兵以榮譽，同時也賦予機體更強的體魄,"A medal awarded by the army to honor soldiers with distinguished service, also granting stronger physique.",軍が授与する勲章。戦功著しい兵士に名誉を与え、同時により強靭な肉体を与える。,"战斗开始时,你的最大生命值永久+3。","战斗开始时,你的最大生命值永久+3","At combat start, permanently increase your Max HP by 3.",戦闘開始時、最大HPが永久に+3される。
44,,物品,,全威力珠,全威力珠,Full Power Orb,全威力珠,汇聚了纯粹魔力的水晶球体，能够在关键时刻释放出爆发性的能量，让魔女的攻击威力达到极致。,匯聚了純粹魔力的水晶球體，能夠在關鍵時刻釋放出爆發性的能量，讓魔女的攻擊威力達到極致。,"A crystal sphere imbued with pure magical power, capable of unleashing explosive energy at critical moments, maximizing the witch's attack power.",純粋な魔力が凝縮された水晶球。重要な瞬間に爆発的なエネルギーを放ち、魔女の攻撃威力を最大限に引き出すことができる。,战斗开始时获得20层超凡。,战斗开始时获得20层超凡,Gain 20 Stacks of {buff_extraordinary} at combat start.,戦闘開始時、{buff_extraordinary}を20スタック獲得する。
45,,物品,,时虫之鳞,時蟲之鱗,Time Worm Scale,時の蟲の鱗,蕴含着时间的奥秘，能够短暂扭曲时空的流向。,蘊含著時間的奧秘，能夠短暫扭曲時空的流向。,"Containing the mysteries of time, it can temporarily distort the flow of space-time.",時間の奥義を秘めており、時空の流れを一時的に歪めることができる。,战斗开始时获得2层循环。,战斗开始时获得2层循环,Gain 2 Stacks of {buff_cycle} at combat start.,戦闘開始時、{buff_cycle}を2スタック獲得する。
46,,概念,,振奋之息,振奮之息,Invigorating Breath,奮い立つ息吹,来自生命之源的纯净气息，能够激发生物体内沉睡的潜能，瞬间恢复精神与体力。,來自生命之源的純淨氣息，能夠激發生物體內沉睡的潛能，瞬間恢復精神與體力。,"The pure energy from the source of life can awaken the dormant potential within living organisms, instantly restoring mental and physical vitality.",生命の源から来る純粋な息吹。生物の内に眠る潜在能力を呼び覚まし、精神と体力を瞬時に回復させる。,战斗开始时恢复8点生命,战斗开始时恢复8点生命,Restore 8 HP at combat start.,戦闘開始時にHPを8回復する。
47,,物品,,曲针,曲針,Curved Needle,曲がった針,针的用途并非总是缝补，有时也是为了精准地刺穿要害。它蓄势待发，等待着反击的良机。,針的用途並非總是縫補，有時也是為了精準地刺穿要害。它蓄勢待發，等待著反擊的良機。,"A needle's purpose is not always to mend, but sometimes to precisely pierce a vital point. It lies poised, awaiting the perfect opportunity to strike back.",針の用途は常に繕うことだけではない。時には急所を正確に貫くためにも使われる。反撃の好機を、息を潜めて待っている。,战斗开始时获得3层蓄势,战斗开始时获得3层蓄势,Gain 3 Stacks of {buff_poised} at combat start.,戦闘開始時、{buff_poised}を3スタック獲得する。
48,,概念,,渊薮呼唤,淵藪呼喚,Abyss Call,深淵の呼び声,来自深渊之底的呼唤，搅碎弱者的求生意志，重铸强者的自我信念。,來自深淵之底的呼喚，攪碎弱者的求生意志，重鑄強者的自我信念,"A call from the bottom of the abyss, shattering the weak's will to survive while reforging the strong's self-belief.",深淵の底からの呼び声。弱者の生存意志を打ち砕き、強者の自己信念を再構築する。,"如果你牌堆牌数大于18张,魔能自然恢复+1","如果你牌堆牌数大于22张,魔能自然恢复+1","If your deck has more than 22 cards, Mana regeneration +1.",山札のカードが22枚より多い場合、マナの自然回復+1。
49,,物品,,纸板甲,紙板甲,Cardboard Armor,段ボールの鎧,空想魔法的杰作，魔女将铠甲的概念从武装中抽离，即使是薄如蝉翼的纸张也能拥有坚不可摧的硬度。,空想魔法的傑作，魔女將鎧甲的概念從武裝中抽離，即使是薄如蟬翼的紙張也能擁有堅不可摧的硬度,"A masterpiece of fantasy magic, where witches extract the concept of armor from armaments, making even paper-thin sheets possess unbreakable hardness.",空想魔法の傑作。魔女が鎧の概念を武装から引き離し、蝉の羽のように薄い紙でさえも破壊不能な硬度を持つことができる。,战斗开始时获得1层坚毅,战斗开始时获得1层坚毅,Gain 1 Stack of {buff_impregnable} at combat start.,戦闘開始時、{buff_impregnable}を1スタック獲得する。
50,,物品,,历战徽记：自愈,歷戰徽記：自癒,Battle Badge: Healing,歴戦の証：自己回復,军队颁发的奖章，赐予那些战功卓著的士兵以荣誉，同时也赋予机体更强的自愈。,軍隊頒發的獎章，賜予那些戰功卓著的士兵以榮譽，同時也賦予機體更強的自愈,"A medal awarded by the army to honor soldiers with distinguished service, also granting stronger healing ability.",軍が授与する勲章。戦功著しい兵士に名誉を与え、同時により強力な自己回復能力を与える。,你受伤时时恢复2点生命值,你受傷时恢复2点生命值,Restore 2 HP whenever you take damage.,ダメージを受けた時、HPを2回復する。
51,,物品,,梦羽钢,夢羽鋼,Dream Feather Steel,夢羽鋼,梦境与现实交汇处诞生的奇异金属，轻盈如羽却坚如钢铁。,夢境與現實交匯處誕生的奇異金屬，輕盈如羽卻堅如鋼鐵。,"A strange metal born at the intersection of dreams and reality, as light as a feather yet as strong as steel.",夢と現実の交差点で生まれた奇妙な金属。羽のように軽いが、鋼のように頑丈。,回合结束时，手牌中每有一张非指向性牌，获得2点护盾。,回合结束时，手牌中每有一张非指向性牌，获得2点护盾。,"At turn end, gain 2 Shield for each non-targeted card in your hand.",ターン終了時、手札にある非対象指定カード1枚につき、シールドを2獲得する。
52,,契约,,死契 伊尔,死契 伊爾,Death Contract Il,死の契約 イル,伊尔公司发行的死亡债券，给予那些挣扎在死亡边缘的人们以救赎，或绝望。,伊爾公司發行的死亡債券，給予那些掙扎在死亡邊緣的人們以救贖，或絕望。,"Death bonds issued by Il Company, offering redemption or despair to those struggling on death's edge.",イル社が発行する死亡債券。死の淵で苦しむ者たちに救済、あるいは絶望を与える。,回合结束时，获得等同当前护盾量40%的护盾，在第6回合结束时死亡。,回合结束时，获得等同当前护盾量40%的护盾，在第6回合结束时死亡。,"At turn end, gain Shield equal to 40% of your current Shield. Die at the end of turn 6.",ターン終了時、現在のシールド量の40%に等しいシールドを獲得する。6ターン目の終了時に死亡する。
*53,,物品,,历战徽记：先登,歷戰徽記：先登,Battle Badge: First Assault,歴戦の証：先駆け,军队颁发的奖章，赐予那些身先士卒的士兵以荣誉，同时也赋予机体一往无前的勇气。,軍隊頒發的獎章，賜予那些身先士卒的士兵以榮譽，同時也賦予機體一往無前的勇氣。,"An army-issued medal that honors soldiers who are first into the fray, granting the bearer the courage to advance without hesitation.",軍が授与する勲章。率先して戦陣に赴く兵士に名誉を与え、同時に機体に恐れを知らぬ勇気をもたらす。,"每有一个敌人在第1回合死亡，魔女获得1层""士官""棋子的祝福。","每有一个敌人在第1回合死亡，魔女获得1层""士官""棋子的祝福。","For each enemy that dies on turn 1, the Witch gains 1 Stack of ""Sergeant"" blessing.",1ターン目に敵が1体死亡するたび、魔女は「軍曹」の祝福を1スタック獲得する。
54,,物品,,阴&阳,陰&陽,Yin & Yang,陰陽,古老哲学的物化体现，黑白双色的神秘符印。古谚有云：万物负阴而抱阳，冲气以为和。,古老哲學的物化體現，黑白雙色的神秘符印。古諺有云：萬物負陰而抱陽，沖氣以為和。,"A material embodiment of ancient philosophy, a mysterious seal of black and white. An old proverb says: All things carry yin and embrace yang, blending their energies to create harmony.",古い哲学の具現化、白黒二色の神秘的な印。古い諺に曰く：万物は陰を背負い陽を抱き、気を冲して和を為す。,当你回合内抽牌第一次达到手牌上限时，回复3点魔能；当你回合内回复魔能第一次超过魔能上限时，抽4张牌。,当你回合内抽牌第一次达到手牌上限时，回复3点魔能；当你回合内回复魔能第一次超过魔能上限时，抽4张牌。,"When you first reach your hand limit by drawing cards in a turn, restore 3 Mana. When you first exceed your Mana limit by restoring Mana in a turn, draw 4 cards.",ターン中にカードを引いて初めて手札上限に達した時、マナを3回復する。ターン中にマナを回復して初めてマナ上限を超えた時、カードを4枚引く。
55,,物品,,轴钉,軸釘,Axis Pin,軸釘,高阶圣械的中轴，无机物用于链接神性的脊柱。,看似不起眼的零件，卻是驅動機械升格的核心。,"A seemingly insignificant component, yet it is the very core that drives the machine's ascension.",些細な部品に見えるが、これこそが機械を昇格へと導く原動力の核である。,回合开始时，获得3层自愈，10层超凡。,战斗开始时获得1层{buff_sublimation}。,"At combat start, gain 1 Stack of {buff_sublimation}.",戦闘開始時、{buff_sublimation}を1スタック獲得する。
56,,物品,,《风暴》,《風暴》,Storm,『嵐』,一本特制的魔法书，无须念诵咒语，持有者心中升起的气流便会在现实中化为风暴。,命運對勇士低語：你無法抵禦風暴；勇士低語回應：我就是風暴。,Fate whispers to the warrior: You cannot withstand the storm; the warrior whispers back: I am the storm.,運命は勇者に囁く：お前は嵐に耐えられない。勇者は囁き返す：私が嵐だ。,"回合开始时你对随机敌人造成2点伤害,重复等同当前精神数值/5的次数，然后+1手牌上限。","回合开始时你对随机敌人造成2点伤害,重复等同当前精神数值/5的次数，然后+1手牌上限。","At turn start, deal 2 Damage to a random enemy, repeat a number of times equal to current Spirit/5, then Hand Limit +1.",ターン開始時、ランダムな敵に2ダメージを与える。これを現在の精神値/5の回数繰り返し、その後手札上限+1。
57,,概念,,先机,先機,Initiative,先手,兵法有云：先发制人。,兵法有云：先發制人。,As the art of war dictates: the one who strikes first gains the advantage.,兵法に曰く：先んずれば人を制す。,在第1回合你额外抽2张牌。,在第1回合你额外抽2张牌。,Draw 2 additional cards on turn 1.,1ターン目に追加でカードを2枚引く。
58,,闭锁时环,,回廊,迴廊,Corridor,回廊,一条连接着过去与现在的时空回廊，让你有机会重新来过。,一條連接着過去與現在的時空迴廊，讓你有機會重新來過。," A temporal corridor connecting past and present, offering a chance to begin anew.",過去と現在を繋ぐ時空の回廊。やり直す機会を与えてくれる。,"第二回合开始时,你回到战斗开始时的状态。","第二回合开始时,你回到战斗开始时的状态。","At the start of turn 2, return to your state at combat start.",2ターン目の開始時、戦闘開始時の状態に戻る。
59,,概念,,追忆,追憶,Reminiscence,追憶,不知何人的思念在此留痕。,人們總是在失去後才懂得珍惜。,People only learn to cherish after they have lost.,人は失ってから初めて大切さを知る。,"你每次行动时,随机触发以下效果,对随机敌人造成x点伤害、自身获得x点护盾，自身回复x点血量，获得x点金币。(x为你本场战斗焚毁的卡牌数目)","你每次行动时,随机触发以下效果,对随机敌人造成x点伤害、自身获得x点护盾，自身回复x点血量，获得x点金币。(x为你本场战斗焚毁的卡牌数目)","Each time you act, randomly trigger one of the following: deal x Damage to a random enemy, gain x Shield, restore x Health, or gain x Gold (x = cards burned this battle).",行動するたび、以下の効果のいずれかがランダムに発動する：ランダムな敵にxダメージ、自身にxシールド、自身のHPをx回復、xゴールドを獲得。（xはこの戦闘で燃焼したカードの枚数）。
60,,物品,,魔力插头,魔力插頭,Mana Plug,魔力プラグ,用于回收逸散魔力的便携式装置，能将其转化为生命能量。,用於回收逸散魔力的便攜式裝置，能將其轉化為生命能量。,A portable device for recovering dissipated mana and converting it into life energy.,散逸した魔力を回収し、生命エネルギーに変換するための携帯装置。,"回合结束时,消耗所有剩余魔能，每点魔能恢复6点生命","回合结束时,消耗所有剩余魔能，每点魔能恢复6点生命","At turn end, consume all remaining Mana. Restore 6 Health per Mana consumed.",ターン終了時、残りのマナを全て消費し、1マナごとにHPを6回復する。
61,,物品,,赝造金像,贗造金像,Fake Golden Statue,偽りの金像,外表华丽的赝品雕像，虽然并非真金打造，但其精湛的工艺足以以假乱真。,外表華麗的贗品雕像，雖然並非真金打造，但其精湛的工藝足以以假亂真。,"A gorgeous fake statue. Although not made of real gold, its exquisite craftsmanship is enough to pass for the real thing.",見た目は豪華な偽物の像。本物の金で作られてはいないが、その精巧な作りは本物と見紛うほどだ。,"战斗开始时最大生命值-2,获得40金币","战斗开始时最大生命值-2,获得40金币","At combat start, Max HP -2 and gain 40 Gold.",戦闘開始時、最大HP-2、40ゴールドを獲得する。
62,,概念,,固化理智,固化理智,Solidified Reason,固定化された理性,一种固定住清醒状态的术法，其起源已不可考证，魔法回路和奥尔德林本土截然不同。,保持頭腦清醒是做出正確抉擇的前提。,Maintaining a clear head is the prerequisite for making the right decision.,正しい選択を下すには、まず頭を冷静に保つことだ。,"回合结束时,你可以额外保留2张卡牌","回合结束时,你可以额外保留2张卡牌","At turn end, you may retain 2 additional cards.",ターン終了時、追加でカードを2枚保持できる。
63,,物品,,《死灵之书》,《死靈之書》,Necronomicon,『ネクロノミコン』,禁忌的亡灵典籍，记载着与不可名状者的沟通方式，阅读者需承受巨大的精神风险。,禁忌的亡靈典籍，記載著與不可名狀者的溝通方式，閱讀者需承受巨大的精神風險。,"A forbidden tome of the undead, recording methods of communication with the unspeakable, requiring the reader to bear immense mental risks.",禁断の死霊の書。名状しがたき者との交信方法が記されており、読む者は大きな精神的リスクを負う。,战斗开始时获得混乱,战斗开始时获得混乱,Gain 1 Stack of {buff_chaos} at combat start.,戦闘開始時、{buff_chaos}を1スタック獲得する。
*64,,物品,,笼中雀,籠中雀,Caged Bird,籠の中の鳥,笼中之鸟为何而鸣？,我知道：籠中鳥為何歌唱？,I know why the caged bird sings.,知っているわ、籠の中の鳥はなぜ歌うのか？,"时之笼层数每发生两次变化,抽1张牌。","时之笼层数每发生两次变化,抽1张牌。",Draw 1 card for every 2 changes in {buff_timelock} Stacks.,{buff_timelock}のスタックが2回変化するたび、カードを1枚引く。
*65,,物品,,咒怨石像,咒怨石像,Cursed Statue,呪怨の石像,一尊散发着不祥气息的石像，敌人的痛苦哀嚎是它最悦耳的乐章。,一尊散發著不祥氣息的石像，敵人的痛苦哀嚎是它最悅耳的樂章。,A statue that radiates an ominous aura. The agonized cries of its enemies are its sweetest music.,不吉なオーラを放つ石像。敵の苦悶の叫びこそが、これにとって最も心地よい音楽である。,"每当敌人在其自己的回合中死亡时，你获得一层""萨满""的祝福。","每当敌人在其自己的回合中死亡时，你获得一层""萨满""的祝福。","Whenever an enemy dies during its own turn, gain 1 Stack of ""Shaman"" blessing.",敵が自身のターン中に死亡するたび、「シャーマン」の祝福を1スタック獲得する。
66,,物品,,千纸鹤,千紙鶴,Paper Crane,千羽鶴,承载着美好愿望的纸鹤，传说中能够实现人们的祈愿。,承載著美好願望的紙鶴，在東方傳說中能夠實現人們的祈願。,"A paper crane carrying good wishes, said to grant people's prayers in Eastern legends.",美しい願いを乗せた折り鶴。東方の伝説では、人々の祈りを叶えることができるという。,每抽一张牌，随机获得0-3点护盾值。,每抽一张牌，随机获得0-3点护盾值。,"Whenever you draw a card, randomly gain 0–3 Shield.",カードを1枚引くたび、ランダムで0～3のシールドを獲得する。
67,,物品,,律法范本,律法範本,Law Template,法の雛形,联邦律法的底本，受到教皇神权的加护，因此成为一种抵御邪魔的武器。,秩序誕生於苦難，每一次承受傷害，都是在為新的律法奠基。,Order is born from suffering. Every blow endured lays the foundation for a new law.,秩序は苦難より生まれる。受ける傷の一つ一つが、新たな律法の礎となるのだ。,"每累计受到6次伤害，获得一个""律法""的祝福。每场战斗最多触发4次。","每累计受到6次伤害，获得一个""律法""的祝福。每场战斗最多触发4次。","Gain 1 ""Law"" blessing for every 6 instances of damage taken. Max 4 triggers per battle.",合計6回ダメージを受けるたび、「法」の祝福を1つ獲得する。各戦闘で最大4回まで発動。
68,,物品,,国王权杖,國王權杖,King's Scepter,王の笏,象征王权的神圣权杖，握持者将获得统治的威严与力量。,象徵王權的神聖權杖，握持者將獲得統治的威嚴與力量。,"A sacred scepter symbolizing royal power, granting its holder the majesty and strength of rule.",王権を象徴する神聖な笏。持つ者は統治の威厳と力を得る。,"你每通过一个精英关卡，获得一个""皇后""的祝福。","你每通过一个精英关卡，获得一个""皇后""的祝福。","Gain 1 ""Queen"" blessing for each Elite stage cleared.",エリートマスを1つ通過するたび、「女王」の祝福を1つ獲得する。
69,,物品,,石之心,石之心,Heart of Stone,石の心,冷酷无情的石质心脏，让持有者免受情感波动的干扰，保持绝对的冷静。,冷酷無情的石質心臟，讓持有者免受情感波動的干擾，保持絕對的冷靜。,"A cold, unfeeling heart of stone, protecting its owner from emotional turmoil and maintaining absolute composure.",冷酷無情な石の心臓。持ち主を感情の波から守り、絶対的な冷静さを保たせる。,结束回合时，若你本回合没有出过牌，获得30点的护盾.,结束回合时，若你本回合没有出过牌，获得30点的护盾.,"At turn end, if you played no cards this turn, gain 30 Shield.",ターン終了時、このターンにカードを使用しなかった場合、30のシールドを獲得する。
70,,契约,,灵感债券,靈感債券,Inspiration Bond,霊感債券,将创造力与灵感证券化的神秘契约，能够在关键时刻激发无限的想象力。但是代价是……？,將創造力與靈感證券化的神秘契約，能夠在關鍵時刻激發無限的想像力。但是代價是……？,"A mysterious contract that securitizes creativity and inspiration, capable of sparking infinite imagination at critical moments. But at what cost...?",創造力と霊感を証券化した神秘的な契約。重要な瞬間に無限の想像力を引き出すことができる。しかし、その代償は……？,"战斗开始时额外抽5张牌。后续每回合额外抽x张牌(x为5-你本回合打出的手牌数,如果x<0改为丢弃)。","战斗开始时额外抽5张牌。后续每回合额外抽x张牌(x为5-你本回合打出的手牌数,如果x<0改为丢弃)。","At combat start, draw 5 additional cards. Each subsequent turn, draw x additional cards (x = 5 − cards played this turn; if x < 0, discard instead).",戦闘開始時、追加でカードを5枚引く。以降の各ターン、追加でx枚のカードを引く（x = 5 − このターンに使用した手札の枚数。x<0の場合は捨てる）。
71,,物品,,火鬼鸣泣,火鬼鳴泣,Fire Ghost Cry,火鬼の鳴泣,来自火焰深处的幽灵哀嚎着，燃烧着愤怒与悲伤的火焰能量。,來自火焰深處的幽靈哀嚎著，燃燒著憤怒與悲傷的火焰能量。,"A ghost from the depths of fire wails, burning with the fiery energy of anger and sorrow.",炎の深淵から聞こえる幽霊の嘆き。怒りと悲しみの炎のエネルギーを燃やしている。,"魔能自然回复+1，回合开始时，如果手上有多余手牌,选择一张手牌焚毁。","魔能自然回复+1，回合开始时，如果手上有多余手牌,选择一张手牌焚毁。","Mana regeneration +1. At turn start, if you have excess cards in hand, choose 1 card to burn.",マナの自然回復+1。ターン開始時、手札に余分なカードがある場合、手札を1枚選択して燃焼する。
72,,物品,,龙之血,龍之血,Dragon's Blood,竜の血,魔王血脉的根源，奇美拉形态得以存在的基石。,傳說中巨龍的鮮血，蘊含著強大的魔力，是煉製頂級藥劑的珍貴材料。,"The blood of a legendary dragon, containing powerful magic, a precious material for crafting top-tier potions.",伝説の巨竜の血。強大な魔力を秘めており、最高級の薬を練成するための貴重な材料。,战斗开始时，卡组的牌数量每比10张多一张，获得10层超凡。最多100层。,战斗开始时，卡组的牌数量每比18张多一张，获得10层超凡。最多100层,"At combat start, gain 10 Stacks of {buff_extraordinary} for each card in deck beyond 18. Max 100 Stacks.",戦闘開始時、デッキが18枚を超えるごとに{buff_extraordinary}を10スタック獲得。最大100スタック。
73,,物品,,试作光环,試作光環,Prototype Halo,試作の光輪,圣械司试图复刻神迹的产物，创造者试图更进一步接近她的主，从结果来看无疑是失败了。,天使的光環，即使是練手之作，也散發著聖潔的光輝。,"An angel's halo, radiating a holy glow even as a prototype.",天使の光輪。試作品であっても、聖なる輝きを放っている。,魔能自然回复-2，每回合结束时获得一层启示。,魔能自然回复-2，每回合结束时获得一层启示。,"Mana regeneration -2. At turn end, gain 1 Stack of {buff_epiphany}.",マナ自然回復-2。ターン終了時、{buff_epiphany}を1スタック獲得する。
74,,物品,,主教长袍,主教長袍,Bishop's Robe,司教のローブ,象征着神权的圣洁长袍。,象徵著神權的聖潔長袍。,A holy robe symbolizing divine authority.,神権を象徴する聖なるローブ。,每回合一次，第一次打空手牌时，抽5张牌。,每回合一次，第一次打空手牌时，抽4张牌。,"Once per turn, when you first empty your hand, draw 4 cards.",各ターン1回、最初に手札を使い切った時、カードを4枚引く。
75,,物品,,纸牌塔：白,紙牌塔：白,Card Tower: White,カードタワー：白,用纯白卡牌搭建的脆弱高塔，象征着理想与希望。,用純白卡牌搭建的脆弱高塔，象徵著理想與希望。,"A fragile tower built of pure white cards, symbolizing ideals and hope.",真っ白なカードで建てられた脆い高塔。理想と希望を象徴している。,回合结束时，获得弃牌堆卡牌数量的护盾。,回合結束時，獲得棄牌堆卡牌數量的護盾。,"At turn end, gain Shield equal to the number of cards in your discard pile.",ターン終了時、捨て札の枚数分のシールドを獲得する。
*76,,物品,,纸牌塔：黑,紙牌塔：黑,Card Tower: Black,カードタワー：黒,用漆黑卡牌建造的不祥之塔，承载着绝望与毁灭。,用漆黑卡牌建造的不祥之塔，承載著絕望與毀滅。,"An ominous tower built of pitch-black cards, carrying despair and destruction.",漆黒のカードで建てられた不吉な塔。絶望と破滅を宿している。,回合结束时，若抽牌堆数大于手牌数，获得相当于抽牌堆牌数的护盾。,回合结束时，若抽牌堆数大于手牌数，获得相当于抽牌堆牌数的护盾。,"At turn end, if draw pile size exceeds hand size, gain Shield equal to draw pile size.",ターン終了時、山札の枚数が手札の枚数より多い場合、山札の枚数に等しいシールドを獲得する。
*77,,物品,,铁桶,鐵桶,Iron Bucket,鉄のバケツ,歪比巴卜。,歪比巴卜,Wabibabo,ワイビバボ,战斗开始时获得12点护甲,战斗开始时获得12点护甲,Gain 12 Armor at combat start.,戦闘開始時にアーマーを12獲得する。
*78,,物品,,纯金王冠,純金王冠,Pure Gold Crown,純金の王冠,象征着世俗权力的顶点。,象徵着世俗權力的頂點。,It symbolizes the pinnacle of secular power.,世俗的な権力の頂点を象徴する。,战斗开始时获得3层锋锐与1点额外魔能,战斗开始时获得3层锋锐与1点额外魔能,Gain 3 Stacks of {buff_keenedge} and 1 additional Mana at combat start.,戦闘開始時、{buff_keenedge}を3スタックとマナ1を獲得する。
*79,,物品,,可可的勾线笔,可可的勾线笔,可可的勾线笔,可可的勾线笔,见习天使可可的勾线笔，能够绘制一些微小的祝福，笔下是懵懂天使纯真的梦。,见习天使可可的勾线笔，能够绘制一些微小的祝福，笔下是懵懂天使纯真的梦。,见习天使可可的勾线笔，能够绘制一些微小的祝福，笔下是懵懂天使纯真的梦。,见习天使可可的勾线笔，能够绘制一些微小的祝福，笔下是懵懂天使纯真的梦。,战斗开始时随机获得5个buff,战斗开始时随机获得5个buff,Gain 5 random Buffs at combat start.,戦闘開始時、ランダムなバフを5つ獲得する。
*80,,物品,,迷途天使之环,迷途天使之环,迷途天使之环,迷途天使之环,光环的性质因主人发生了改变，但这毫无疑问是真正的天使光环，得不到天使认证的二手使用者无法发挥它全部的力量，但也因此不会受到它全部的诅咒。,光环的性质因主人发生了改变，但这毫无疑问是真正的天使光环，得不到天使认证的二手使用者无法发挥它全部的力量，但也因此不会受到它全部的诅咒。,光环的性质因主人发生了改变，但这毫无疑问是真正的天使光环，得不到天使认证的二手使用者无法发挥它全部的力量，但也因此不会受到它全部的诅咒。,光环的性质因主人发生了改变，但这毫无疑问是真正的天使光环，得不到天使认证的二手使用者无法发挥它全部的力量，但也因此不会受到它全部的诅咒。,战斗开始时获得2层{buff_degrade}和2层{buff_impregnable}。,战斗开始时获得2层{buff_degrade}和2层{buff_impregnable}。,Gain 2 Stacks of {buff_degrade} and 2 Stacks of {buff_impregnable} at combat start.,戦闘開始時、{buff_degrade}を2スタックと{buff_impregnable}を2スタック獲得する。